{
  "project_info": {
    "project_number": "961296189229",
    "project_id": "wits-academy",
    "storage_bucket": "wits-academy.appspot.com"
  },
  "client": [
    {
      "client_info": {
        "mobilesdk_app_id": "1:961296189229:android:e9da2fce53bcf23c9fb5a4",
        "android_client_info": {
          "package_name": "com.example.wits_academy"
        }
      },
      "oauth_client": [
        {
          "client_id": "961296189229-gftao234dghn382ii9bboq9q62hit8a3.apps.googleusercontent.com",
          "client_type": 3
        }
      ],
      "api_key": [
        {
          "current_key": "AIzaSyBXR0nWxp1kSzYBPcA-tWnbn38WRW5ZwyU"
        }
      ],
      "services": {
        "appinvite_service": {
          "other_platform_oauth_client": [
            {
              "client_id": "961296189229-gftao234dghn382ii9bboq9q62hit8a3.apps.googleusercontent.com",
              "client_type": 3
            }
          ]
        }
      }
    }
  ],
  "configuration_version": "1"
}